식당 이름,식당 번호,최근 날짜,작성자
서울 강남 윤서울,1698341503,2024년 11월 2일 토요일,맛도리탐방러114
제주 애월 모리노아루요,37275351,2024년 11월 7일 목요일,어쩌다제주댁
서울 성동구 로컬릿,1165324605,2024년 11월 30일 토요일,AR1020
강원 강릉 그린볼,1640795417,2024년 11월 22일 금요일,펭핳
서울 종로 카페 오쁘띠베르,1445845015,2024년 12월 2일 월요일,불량감자93
서울 깃든,1540522631,2024년 12월 5일 목요일,삼성엘지
광주 가매일식,13570506,2024년 11월 26일 화요일,dbs****
광주옥1947,1115814959,2024년 12월 1일 일요일,단유파파
장수나주곰탕,1929812463,2024년 11월 23일 토요일,Bosik
서울 역삼동 홍보각,1151061731,2024년 11월 23일 토요일,chocoApple
제주 친밀 제주,1680427154,2024년 2월 12일 월요일,말로통하다
제주 오팬파이어,1956611146,2024년 12월 4일 수요일,hob****
네기라이브,1369870234,2024년 10월 3일 목요일,qawsedrftgyh
네기다이닝라운지,1141137916,2024년 12월 1일 일요일,밀리언79
서울 티엔미미 강남점,1277052112,2024년 12월 2일 월요일,stn****
서울 신사동 에빗,1838135293,2024년 11월 5일 화요일,옹기23
서울 여의도 63빌딩 터치 더 스카이,11845747,2024년 11월 16일 토요일,kbe****
서울 잠실 식당네오,1228463080,2024년 11월 20일 수요일,zsue
서울 마포구 리북방,1625759346,2024년 11월 30일 토요일,판다보호
서울 강남 달리아다이닝,1040490502,2024년 12월 2일 월요일,부엉이60
청담동 쵸이닷,280965665,2024년 11월 26일 화요일,뿅뿅32
성동구 중앙감속기,20937806,2024년 12월 4일 수요일,윤루카스 핑크게이
서울 용산 파브리키친,1775308300,2024년 12월 2일 월요일,꾸꾸안이
서울 서교동 진진,36202928,2024년 11월 25일 월요일,다녕맘
에다마메 남영,1264343790,2024년 12월 2일 월요일,먹사관
군몽,1067519480,2024년 10월 18일 금요일,세계일주 도전중
비아톨레도파스타바,1018077796,2024년 10월 17일 목요일,rockher
조광201,1132840035,2024년 12월 4일 수요일,정글이33
조광101,1987750305,2024년 8월 27일 화요일,BernardYoo
마마리마켓,1696863258,2024년 10월 26일 토요일,룽세리아
마마리다이닝,1989841603,2024년 12월 3일 화요일,섬광의플래쉬
Buto,1167070143,2024년 10월 5일 토요일,우아한 장금씨
야키토리묵,195609594,2024년 11월 27일 수요일,유유자적girl
남영탉,1006208343,2024년 11월 30일 토요일,차세대먹거리 연구소장
디핀옥수,1690484049,2024년 11월 26일 화요일,운복15
디핀신당,1647309508,2024년 11월 30일 토요일,킹보비
본연,1308638160,2024년 11월 5일 화요일,at****
즐거운술상,1066385752,2024년 11월 7일 목요일,천리향우주
을지로보석,1148721944,2024년 11월 28일 목요일,여딩이
도량,1817207066,2024년 11월 30일 토요일,가을귀18
나우 남영,1701557644,2024년 11월 23일 토요일,내마음낰낰
트리드,1570882425,2024년 11월 16일 토요일,예동54
포노부오노,1283188906,2024년 11월 18일 월요일,소소한행복01
천하제일솥뚜껑,1720610031,2024년 12월 3일 화요일,chu****
오늘의초밥,38779893,2024년 12월 3일 화요일,그레고리DK
제주 넘은 봄,1674851816,2024년 11월 12일 화요일,카페여행자12
서울 가야가야 이대점,13507856,2024년 11월 30일 토요일,탱탱78
서울 종로 스시논데,1220232767,2024년 11월 27일 수요일,날개S
성수 스낵바논데,1134129193,2024년 11월 27일 수요일,SSSSS17
광진구 참치논데,1656060133,2024년 12월 3일 화요일,법주사
팔발라,1595682915,2024년 11월 18일 월요일,JS9318
와인바 에이넷,1417399414,2024년 10월 12일 토요일,Erica127
강남 카페 윰드,1759147143,2024년 11월 5일 화요일,sarabeth
서울 망원동 피델리오,1934594205,2024년 4월 21일 일요일,TheBlackCap
서울 신사동 블그레,1804965360,2024년 10월 24일 목요일,im eee
라운지 바이 블그레,1776674742,2000년 12월 2일 토요일,둘리
서울 마포구 마늘집,1006111541,2024년 11월 27일 수요일,DO IT
전주 전주비빔소리,1755299109,2024년 11월 30일 토요일,파송송egg탁
서울 한남동 로기,1271542132,2024년 11월 16일 토요일,HiRobin
심야식당 세이지,37619274,2024년 12월 1일 일요일,신종환30
서울 영등포 나카지마 고에몽,1051306491,2024년 11월 3일 일요일,yss****
소금집델리,1956949040,2024년 11월 22일 금요일,먹어봐쮸
홍대 아오이토리,34658234,2024년 12월 3일 화요일,소피아639
이태원 잭잭,1747946790,2024년 12월 4일 수요일,wa****
대구 팔공산 엄마밥상,1426667189,2024년 11월 30일 토요일,I can do it
강릉 미트컬쳐,1108028891,2024년 12월 3일 화요일,메뉴선택가이드
미미옥,1565282758,2024년 12월 4일 수요일,구구구구구꾸꾸구구
성수동 엘몰리노,1374963662,2024년 11월 27일 수요일,mblueshd
신당중앙시장 라까예,1095176086,2024년 12월 4일 수요일,doc****
한남 에스콘디도,1972645921,2024년 11월 15일 금요일,이코룩
방배동 와일드플라워,1679378998,2024년 12월 4일 수요일,couquet2
성수동 아타리,1524295679,2024년 9월 25일 수요일,그냥그래8
용산 야키토리혼바,1213797224,2024년 11월 29일 금요일,맛집만알고싶다
영등포 야키토리 코치,1560090866,2024년 11월 28일 목요일,후추추13
마포구 포그,1731553966,2024년 11월 29일 금요일,tjd****
신사동 이야이야앤프랜즈,1571415075,2024년 12월 1일 일요일,sunorita
논현동 사브서울,1049547557,2024년 10월 19일 토요일,몬드38
을지로 더 시옷,491496915,2024년 12월 3일 화요일,sewoo0517
양산 장화,1522110432,2024년 11월 30일 토요일,Houston7
성동구 제이드앤워터,1012333241,2024년 11월 30일 토요일,Wanna B
